<?xml version="1.0" encoding="UTF-8"?>
<project-private xmlns="http://www.netbeans.org/ns/project-private/1">
    <editor-bookmarks xmlns="http://www.netbeans.org/ns/editor-bookmarks/2" lastBookmarkId="0"/>
    <open-files xmlns="http://www.netbeans.org/ns/projectui-open-files/2">
        <group>
            <file>file:/C:/Users/ASUS/Desktop/LyCongTien-LabOOP/Lab_02_03_04_05/AimsProject/src/hust/soict/dsai/aims/media/DiscTienLC.java</file>
            <file>file:/C:/Users/ASUS/Desktop/LyCongTien-LabOOP/Lab_02_03_04_05/AimsProject/src/hust/soict/dsai/aims/media/MediaTienLC.java</file>
            <file>file:/C:/Users/ASUS/Desktop/LyCongTien-LabOOP/Lab_02_03_04_05/AimsProject/src/hust/soict/dsai/aims/cart/CartTienLC.java</file>
            <file>file:/C:/Users/ASUS/Desktop/LyCongTien-LabOOP/Lab_02_03_04_05/AimsProject/src/hust/soict/dsai/aims/screen/StoreScreen.java</file>
            <file>file:/C:/Users/ASUS/Desktop/LyCongTien-LabOOP/Lab_02_03_04_05/AimsProject/src/hust/soict/dsai/aims/screen/MediaStore.java</file>
            <file>file:/C:/Users/ASUS/Desktop/LyCongTien-LabOOP/Lab_02_03_04_05/AimsProject/src/hust/soict/dsai/aims/media/CompactDiscTienLC.java</file>
        </group>
    </open-files>
</project-private>
