<?xml version="1.0" encoding="UTF-8"?>
<project-private xmlns="http://www.netbeans.org/ns/project-private/1">
    <editor-bookmarks xmlns="http://www.netbeans.org/ns/editor-bookmarks/2" lastBookmarkId="0"/>
    <open-files xmlns="http://www.netbeans.org/ns/projectui-open-files/2">
        <group>
            <file>file:/C:/Users/ASUS/Desktop/LyCongTien-LabOOP/Lab_02_03_04_05/GUIProject/src/guiproject/swing/AWTAccumulator.java</file>
            <file>file:/C:/Users/ASUS/Desktop/LyCongTien-LabOOP/Lab_02_03_04_05/GUIProject/src/guiproject/swing/NumberGrid.java</file>
            <file>file:/C:/Users/ASUS/Desktop/LyCongTien-LabOOP/Lab_02_03_04_05/GUIProject/src/guiproject/swing/SwingAccumulator.java</file>
            <file>file:/C:/Users/ASUS/Desktop/LyCongTien-LabOOP/Lab_02_03_04_05/GUIProject/src/guiproject/swing/GUIProject.java</file>
        </group>
    </open-files>
</project-private>
